id,name,read,pattern,sequence,feature_type
CD56,CD56,R2,5PNNNNNNNNNN(BC),TCCTTTCCTGATAGG,Antibody Capture
CD45RA,CD45RA,R2,5PNNNNNNNNNN(BC),TCAATCCTTCCGCTT,Antibody Capture
CD45RO,CD45RO,R2,5PNNNNNNNNNN(BC),CTCCGAATCATGTTG,Antibody Capture
CD335,CD335,R2,5PNNNNNNNNNN(BC),ACAATTTGAACAGCG,Antibody Capture
CD103,CD103,R2,5PNNNNNNNNNN(BC),GACCTCATTGTGAAT,Antibody Capture
CD69,CD69,R2,5PNNNNNNNNNN(BC),GTCTCTTGGCTTAAA,Antibody Capture
CD62L,CD62L,R2,5PNNNNNNNNNN(BC),GTCCCTGCAACTTGA,Antibody Capture
CCR7,CCR7,R2,5PNNNNNNNNNN(BC),AGTTCAGTCAACCGA,Antibody Capture
LAMP-1,LAMP-1,R2,5PNNNNNNNNNN(BC),CAGCCCACTGCAATA,Antibody Capture
FAS,FAS,R2,5PNNNNNNNNNN(BC),CCAGCTCATTAGAGC,Antibody Capture
IL-7Ra,IL-7Ra,R2,5PNNNNNNNNNN(BC),GTGTGTTGTCCTATG,Antibody Capture
CD4,CD4,R2,5PNNNNNNNNNN(BC),GAGGTTAGTGATGGA,Antibody Capture
CD8,CD8,R2,5PNNNNNNNNNN(BC),GCGCAACTTGATGAT,Antibody Capture
